Workbook

Sheet Improved (72)
A1: item_index | B1: question_id | C1: topic | D1: difficulty | E1: question (first 120 chars) | F1: verdict x1 {q,i} | G1: evidence x1 | H1: verdict x2 {q,i|q,i} | I1: evidence x2 | J1: transition
A2: 6 | B2: q_62813 | C2: Mathematics -> Calculus -> Integral Calculus -> Techniques of Integration -> Multi-variable | D2: 5.5 | E2: Evaluate the double integral \( \iint\limits_{A} y \, dA \), where the region \( A \) is bounded by the parabola \( x^2 | F2: yes | G2: substitution for intersections, Cartesian Type I setup, symmetry used | H2: yes | I2: algebraic intersection, symmetry halving, Cartesian, simplified inner integral | J2: yes->yes
A3: 32 | B3: q_94844 | C3: Mathematics -> Algebra -> Intermediate Algebra -> Other | D3: 5 | E3: Find the number of positive integers $n \le 1000$ that can be expressed in the form \[\lfloor x \rfloor + \lfloor 2x \rf | F3: yes | G3: decomposed 6m+g(θ), critical points, residues mod 6 counted | H3: yes | I3: decomposed x=m+theta, critical points, residue cycle counting | J3: yes->yes
A4: 58 | B4: q_28464 | C4: Mathematics -> Calculus -> Integral Calculus -> Applications of Integrals | D4: 6.5 | E4: Compute the integral of the curl of the vector field \( F = (x^2+y-4, 3xy, 2xz+z^2) \) over the surface defined by \( x^ | F4: yes | G4: Stokes reduction to boundary circle, z=0 evaluation, trig parity | H4: yes | I4: Stokes conversion to boundary line integral, odd terms vanish | J4: yes->yes
A5: 81 | B5: q_11337 | C5: Mathematics -> Geometry -> Solid Geometry -> Surface Area | D5: 7.5 | E5: Calculate the surface area of the portion of the sphere defined by \(x^2 + y^2 + z^2 = 16z\) that lies within the parabo | F5: yes | G5: completes square, r^2 reduction, cap area via constant-z boundary | H5: yes | I5: completes square, intersection height, cap area | J5: yes->yes
A6: 91 | B6: q_68697 | C6: Mathematics -> Algebra -> Abstract Algebra -> Group Theory | D6: 7 | E6: Determine whether a semigroup exists that satisfies the following properties: 1. For all elements $x$ and $y$, there exi | F6: yes | G6: Translation-map surjectivity analysis reducing to group structure | H6: yes | I6: translation surjectivity analysis, finite implies group, tested S3 | J6: yes->yes
A7: 98 | B7: q_255 | C7: Mathematics -> Algebra -> Abstract Algebra -> Ring Theory | D7: 7.5 | E7: Let $u: M \rightarrow N$ be an $A$-module homomorphism, and let $N'$ be the image of $u$. Suppose $a$ is an ideal of $A$ | F7: yes | G7: N=N'+aN decomposition, a(N/K)=(aN+K)/K identity applied | H7: yes | I7: derives N=N'+aN, uses ideal-quotient identity | J7: yes->yes
A8: 117 | B8: q_8617 | C8: Mathematics -> Applied Mathematics -> Statistics -> Probability -> Other | D8: 6 | E8: Find the probability density function of the random variable $U = Y_1 + Y_2$, where $(Y_1, Y_2)$ is uniformly distribute | F8: yes | G8: density 1/Area, CDF method, sweeping-line PDF | H8: yes | I8: Joint pdf 1/Area, CDF method, differentiated triangle area | J8: yes->yes
A9: 126 | B9: q_70014 | C9: Mathematics -> Geometry -> Plane Geometry -> Triangulations | D9: 5 | E9: In a right triangle $\triangle ABC$ with $BC = AC = 1$, let $P$ be a point on $AB$. From $P$, draw perpendiculars $PQ$ a | F9: yes | G9: Parameterized areas, intersected envelope functions for min-max | H9: yes | I9: parameterized areas, intersections of upper envelope, boundaries checked | J9: yes->yes
A10: 128 | B10: q_21503 | C10: Mathematics -> Algebra -> Abstract Algebra -> Group Theory | D10: 8 | E10: Let $G$ be a group and $N$ be a minimal normal subgroup of $G$. Let $G_p \in \text{Syl}_p(G)$, where $p$ is an odd prime | F10: yes | G10: correspondence, second isomorphism, P=M∩Gp maximality lift | H10: yes | I10: correspondence, second isomorphism, defined P=M∩Gp | J10: yes->yes
A11: 133 | B11: q_92323 | C11: Mathematics -> Algebra -> Algebra -> Algebraic Expressions | D11: 5 | E11: A linear function \( f(x) \) is given. The distance between the points of intersection of the graphs \( y = x^{2} \) and | F11: yes | G11: Distance decomposition, Vieta, compound-block substitution A, C | H11: yes | I11: Vieta distance decomposition, block substitution A, B | J11: yes->yes
A12: 145 | B12: q_84599 | C12: Mathematics -> Calculus -> Integral Calculus -> Techniques of Integration -> Multi-variable | D12: 7 | E12: Evaluate the line integral \( \int_C F \cdot dr \) where \( F = yz\mathbf{i} + 2xz\mathbf{j} + e^{xy}\mathbf{k} \) and \ | F12: yes | G12: Stokes with flat disk, downward normal n=-k | H12: yes | I12: Stokes with flat disk, -k normal, constant times area | J12: yes->yes
A13: 210 | B13: q_40221 | C13: Mathematics -> Other | D13: 8 | E13: Evaluate the integral \( \int_0^\infty \frac{\sin(x)}{x^3} \, dx \) using complex analysis. | F13: unclear | G13: naive contour residue; no regularization, indentation, or finite part | H13: unclear | I13: starts Taylor/contour attempts, abandons all, quotes formula for answer | J13: unclear->unclear
... A73: 985 | B73: q_92908 | C73: Mathematics -> Geometry -> Solid Geometry -> 3D Shapes | D73: 6 | E73: A point light source is positioned at a distance from a sphere equal to three times the radius of the sphere. Determine | F73: unclear | G73: Mixed own derivation with distrusted hint formula, contradictory paths | H73: yes | I73: surface-distance interpretation, 2R/(D+R) formula, dual-path check | J73: unclear->yes

Sheet Hurt control (60)
A1: item_index | B1: question_id | C1: topic | D1: difficulty | E1: question (first 120 chars) | F1: verdict x1 {q,i} | G1: evidence x1 | H1: verdict x2 {q,i|q,i} | I1: evidence x2 | J1: transition
A2: 30 | B2: q_3793 | C2: Mathematics -> Algebra -> Intermediate Algebra -> Complex Numbers | D2: 6 | E2: Find the maximum value of \(|z|\) given that \(|z^2 + 2z \cos \alpha| \leq 1\) for all real values of \(\alpha\). | F2: yes | G2: endpoint cases cos=±1, t=r² quadratic boundary solve | H2: yes | I2: worst-case alpha endpoints, imaginary-axis z, t=y^2 quadratic boundary | J2: yes->yes
A3: 52 | B3: q_60263 | C3: Mathematics -> Algebra -> Abstract Algebra -> Ring Theory | D3: 8 | E3: Determine whether there exists a polynomial \( f(X) \in \mathbb{R}[X] \) such that the quotient ring \( \frac{\mathbb{R} | F3: yes | G3: dimension count then CRT with distinct irreducible quadratics | H3: yes | I3: dimension count, CRT with distinct irreducible quadratics | J3: yes->yes
A4: 66 | B4: q_1601 | C4: Mathematics -> Calculus -> Differential Calculus -> Derivatives | D4: 4.5 | E4: Find the derivative of the function \( f(x) = \frac{x^2}{2} \cdot (I[x \ge 0] - I[x < 0]) \) using the limit definition: | F4: yes | G4: piecewise rewrite, one-sided limits, synthesized to |x| | H4: yes | I4: piecewise rewrite, interval-wise limits, one-sided limits at zero | J4: yes->yes
A5: 73 | B5: q_89561 | C5: Mathematics -> Discrete Mathematics -> Combinatorics | D5: 6.5 | E5: In a language with only three letters - $A, B$, and $C$, a word is defined as a sequence of exactly 100 letters, with ex | F5: yes | G5: fixed support strategy yielding 2^40 labelings | H5: unclear | I5: mentions fixed-support 2^40 but incoherent, final answer contradicts | J5: yes->unclear
A6: 90 | B6: q_90470 | C6: Mathematics -> Geometry -> Plane Geometry -> Polygons | D6: 5 | E6: In an isosceles trapezoid \( ABCD \) with \( AD \) as one of the bases, a point \( P \) inside the trapezoid bisects ang | F6: yes | G6: incenter angle sum, r=PA·sin(A/2), h=2r, tangential property | H6: yes | I6: incenter, bisector angle formula, r=PA·sin(θ/2), A=rs | J6: yes->yes
A7: 99 | B7: q_45382 | C7: Mathematics -> Calculus -> Integral Calculus -> Techniques of Integration -> Single-variable | D7: 6.5 | E7: Evaluate \( \lim_{x\to 1} \int_{x}^{x^2}\frac{1}{\ln {t}}\mathrm dt \). | F7: yes | G7: expands 1/ln t as 1/u near 1, bound ratio gives ln2 | H7: yes | I7: t=1+u expansion, 1/u integral, bound ratio gives ln2 | J7: yes->yes
A8: 130 | B8: q_44453 | C8: Mathematics -> Calculus -> Integral Calculus -> Techniques of Integration -> Single-variable | D8: 7 | E8: Evaluate the Riemann-Stieltjes integral: \[ \int_{0}^{2}x^2d\left\lfloor 2x\right\rfloor \] | F8: yes | G8: converted integral to sum over jump points times jumps | H8: yes | I8: converted to discrete sum over jump points | J8: yes->yes
A9: 139 | B9: q_81695 | C9: Mathematics -> Geometry -> Differential Geometry -> Manifolds | D9: 8.5 | E9: Let $M$ be a compact, connected, oriented smooth Riemannian manifold with non-empty boundary. Let $f:M \to M$ be a smoot | F9: yes | G9: local isometry via pullback metric, injectivity radius, boundary | H9: yes | I9: local isometry, injectivity radius, exponential map, boundary check | J9: yes->yes
A10: 152 | B10: q_54037 | C10: Mathematics -> Algebra -> Abstract Algebra -> Field Theory | D10: 8 | E10: Determine whether a simple algebraic extension of degree $n$ of a field $\mathbb{F}$ can be embedded in the matrix ring | F10: yes | G10: companion matrix embedding, nonzero homomorphism from field is injective | H10: yes | I10: companion matrix embedding; injectivity from field simplicity | J10: yes->yes
A11: 155 | B11: q_26881 | C11: Mathematics -> Calculus -> Differential Calculus -> Applications of Derivatives | D11: 9 | E11: Consider an antisymmetric 3-tensor $A$ over a sequence space, where $A_{ijk} = -A_{jik} = -A_{ikj} \in \mathbb{R}$ for $ | F11: unclear | G11: started antisymmetry and Cauchy-Schwarz, abandoned, asserted answer | H11: unclear | I11: attempted Cauchy-Schwarz and rank-1 test, never completed bound | J11: unclear->unclear
A12: 177 | B12: q_46940 | C12: Mathematics -> Geometry -> Plane Geometry -> Area | D12: 7.5 | E12: Determine the subset $A \subset [0,8]^2$ with the largest Lebesgue measure such that $A$ and its translation by the vect | F12: yes | G12: computed conflict region overlap, subtracted its measure | H12: unclear | I12: computed conflict region then abandoned it for halving argument | J12: yes->unclear
A13: 178 | B13: q_45319 | C13: Mathematics -> Calculus -> Integral Calculus -> Techniques of Integration -> Multi-variable | D13: 5.5 | E13: Calculate the integral \( \int _0 ^ 1 \int_0^ {x} (x ^ 2 + y ^ 2) \, dy \, dx \) using the change of variables \(x = u + | F13: yes | G13: mapped inequalities to uv-region, split at vertex, applied Jacobian | H13: yes | I13: maps boundary inequalities to uv-region, multiplies by Jacobian 2 | J13: yes->yes
... A61: 997 | B61: q_86473 | C61: Mathematics -> Number Theory -> Prime Numbers | D61: 7 | E61: Find all sets of prime numbers \((p, q, r, s)\) that satisfy the equation \(p^4 + q^4 + r^4 + 119 = s^2\). | F61: yes | G61: mod 16 forces p=2, then difference-of-squares divisor factoring | H61: yes | I61: mod 5 forces p=5, factored s²-r⁴ into divisor checks | J61: yes->yes

Sheet Summary
A1: Blinded LLM-judge uptake study - Gemma 3 27B, {q,i} vs {q,i|q,i}
A2: All 264 (card, response) pairs judged independently, shuffled, condition and correctness hidden; one fixed rubric identical to the Qwen 7B and Mistral 24B studies (judge: Claude, 2026-07-17). Verdict = does the response APPLY the card's core strategy (solution path, not wording). Improved group: wrong at x1, right at x2. Hurt control: right at x1, wrong at x2.
A4: IMPROVED (wrong -> right): verdict counts
A5: verdict | B5: x1 {q,i} | C5: x2 {q,i|q,i}
A6: yes | B6: =COUNTIF('Improved (72)'!F$2:F$73,$A6) | C6: =COUNTIF('Improved (72)'!H$2:H$73,$A6)
A7: unclear | B7: =COUNTIF('Improved (72)'!F$2:F$73,$A7) | C7: =COUNTIF('Improved (72)'!H$2:H$73,$A7)
A8: no | B8: =COUNTIF('Improved (72)'!F$2:F$73,$A8) | C8: =COUNTIF('Improved (72)'!H$2:H$73,$A8)
A9: yes-rate | B9: =B6/SUM(B6:B8) | C9: =C6/SUM(C6:C8)
A10: uptake gained (non-yes->yes) | B10: =SUMPRODUCT(('Improved (72)'!F$2:F$73<>"yes")*('Improved (72)'!H$2:H$73="yes"))
A11: uptake lost (yes->non-yes) | B11: =SUMPRODUCT(('Improved (72)'!F$2:F$73="yes")*('Improved (72)'!H$2:H$73<>"yes"))
A12: two-sided sign test p | B12: =MIN(1,2*BINOMDIST(MIN(B10,B11),B10+B11,0.5,TRUE))
A14: HURT CONTROL (right -> wrong): verdict counts
A15: verdict | B15: x1 {q,i} | C15: x2 {q,i|q,i}
A16: yes | B16: =COUNTIF('Hurt control (60)'!F$2:F$61,$A16) | C16: =COUNTIF('Hurt control (60)'!H$2:H$61,$A16)
A17: unclear | B17: =COUNTIF('Hurt control (60)'!F$2:F$61,$A17) | C17: =COUNTIF('Hurt control (60)'!H$2:H$61,$A17)
A18: no | B18: =COUNTIF('Hurt control (60)'!F$2:F$61,$A18) | C18: =COUNTIF('Hurt control (60)'!H$2:H$61,$A18)
A19: yes-rate | B19: =B16/SUM(B16:B18) | C19: =C16/SUM(C16:C18)
A20: uptake gained (non-yes->yes) | B20: =SUMPRODUCT(('Hurt control (60)'!F$2:F$61<>"yes")*('Hurt control (60)'!H$2:H$61="yes"))
A21: uptake lost (yes->non-yes) | B21: =SUMPRODUCT(('Hurt control (60)'!F$2:F$61="yes")*('Hurt control (60)'!H$2:H$61<>"yes"))
A22: two-sided sign test p | B22: =MIN(1,2*BINOMDIST(MIN(B20,B21),B20+B21,0.5,TRUE))
A24: Pooled (both groups, 132 items)
A25: yes-rate x1 | B25: =(COUNTIF('Improved (72)'!F2:F73,"yes")+COUNTIF('Hurt control (60)'!F2:F61,"yes"))/132
A26: yes-rate x2 | B26: =(COUNTIF('Improved (72)'!H2:H73,"yes")+COUNTIF('Hurt control (60)'!H2:H61,"yes"))/132
A27: pooled sign test p (gained 22 vs lost 8) | B27: =MIN(1,2*BINOMDIST(8,30,0.5,TRUE))
A29: Reading
A30: Gemma BREAKS the Qwen/Mistral pattern: the hurt control does NOT mirror the improved group (improved +18/-2, p<.001; hurt +4/-6, p=.75), and pooled uptake RISES under repetition (79.5% -> 90.2%, gained 22 vs lost 8, sign p=.016). For this model the second insight copy produces a genuine, condition-driven increase in strategy adoption - not just correctness coupling. Consistent with Gemma's lower adoption ceiling at x1 (72% on improved items vs ~90-100% for Qwen/Mistral): Gemma is the one judged model with meaningful attention-rescue headroom, and repetition uses it. Note the contrast: Gemma has the LARGEST uptake gain but the SMALLEST accuracy gain (+1.2pp), so increased adoption does not translate 1:1 into correctness for a strong model.
