Workbook

Sheet Improved (126)
A1: item_index | B1: question_id | C1: topic | D1: difficulty | E1: question (first 120 chars) | F1: verdict x1 {q,i} | G1: evidence x1 | H1: verdict x2 {q,i|q,i} | I1: evidence x2 | J1: transition
A2: 1 | B2: q_80947 | C2: Mathematics -> Calculus -> Integral Calculus -> Techniques of Integration -> Single-variable | D2: 4.5 | E2: Evaluate the limit of the Riemann sum as \( n \) approaches infinity for the interval \([0,1]\): \[ \lim _{n\to \infty | F2: no | G2: closed-form power sums and limits, no integral conversion | H2: unclear | I2: linearity plus power-sum formulas; garbled, no integral conversion | J2: no->unclear
A3: 6 | B3: q_62813 | C3: Mathematics -> Calculus -> Integral Calculus -> Techniques of Integration -> Multi-variable | D3: 5.5 | E3: Evaluate the double integral \( \iint\limits_{A} y \, dA \), where the region \( A \) is bounded by the parabola \( x^2 | F3: yes | G3: u=x^2 intersection, Cartesian upper-lower setup, inner y-integral | H3: yes | I3: Cartesian Type I setup, intersection solving, symmetry doubling | J3: yes->yes
A4: 13 | B4: q_62721 | C4: Mathematics -> Differential Equations -> Ordinary Differential Equations (ODEs) | D4: 8 | E4: Determine the minimum value of the functional \( J(y) = \int_a^b \sqrt{1+y'(x)^2} \, dx \) for functions \( y(x) \) that | F4: yes | G4: recognizes arc length, straight line, endpoint distance formula | H4: yes | I4: recognized arc length, straight/flat line gives b-a | J4: yes->yes
A5: 42 | B5: q_37528 | C5: Mathematics -> Algebra -> Linear Algebra -> Linear Transformations | D5: 8.5 | E5: Let $X$ and $Y$ be Banach spaces. Consider a sequence of invertible operators $T_n \in B(X,Y)$ such that $T_n \xrightarr | F5: yes | G5: passed T_nT_n^{-1}=I to limit via continuity | H5: yes | I5: limit of composition identities gives TS=I, ST=I | J5: yes->yes
A6: 47 | B6: q_83656 | C6: Mathematics -> Algebra -> Intermediate Algebra -> Complex Numbers | D6: 6 | E6: Find the complex number $z = x + iy$ such that \( \Re\left(\frac{z}{-3+2i}\right) = \frac{10}{13} \) and \( |3-2\overlin | F6: yes | G6: Cartesian substitution, squared moduli cancellation, linear system | H6: yes | I6: substitutes z=x+iy, squares moduli, solves linear system | J6: yes->yes
A7: 50 | B7: q_49779 | C7: Mathematics -> Algebra -> Linear Algebra -> Vectors | D7: 6 | E7: For a seminorm $p$ on a vector space $V$, determine whether it is always true that there exist distinct vectors $x_1$ an | F7: yes | G7: negation gives nonzero kernel vector, kernel subspace property | H7: yes | I7: nonzero kernel witness, trivial-case check, kernel subspace infinitude | J7: yes->yes
A8: 73 | B8: q_89561 | C8: Mathematics -> Discrete Mathematics -> Combinatorics | D8: 6.5 | E8: In a language with only three letters - $A, B$, and $C$, a word is defined as a sequence of exactly 100 letters, with ex | F8: no | G8: counted distinct supports via Erdos-Ko-Rado, not fixed support | H8: yes | I8: fixed consonant support, counted 2^40 labelings | J8: no->yes
A9: 77 | B9: q_81392 | C9: Mathematics -> Algebra -> Algebra -> Equations and Inequalities | D9: 5.5 | E9: Let $a, b, x, y$ be real numbers such that $a^2+b^2=81$, $x^2+y^2=121$, and $ax + by = 99$. Determine the set of all pos | F9: yes | G9: applies Lagrange's Identity directly, gets (ay-bx)^2=0 | H9: yes | I9: applied Lagrange's Identity directly | J9: yes->yes
A10: 98 | B10: q_255 | C10: Mathematics -> Algebra -> Abstract Algebra -> Ring Theory | D10: 7.5 | E10: Let $u: M \rightarrow N$ be an $A$-module homomorphism, and let $N'$ be the image of $u$. Suppose $a$ is an ideal of $A$ | F10: yes | G10: used N=N'+aN decomposition, showed Q=aQ | H10: yes | I10: decomposition N=N'+aN, ideal-quotient identity, shows Q=aQ | J10: yes->yes
A11: 106 | B11: q_87671 | C11: Mathematics -> Discrete Mathematics -> Combinatorics | D11: 6 | E11: Let the set \( A = \{0, 1, 2, \ldots, 9\} \). The collection \( \{B_1, B_2, \ldots, B_k\} \) is a family of non-empty su | F11: unclear | G11: complete-levels counting but rejects t+1 insight, wrong cutoff | H11: yes | I11: counted all subsets of size at most three | J11: unclear->yes
A12: 110 | B12: q_85194 | C12: Mathematics -> Discrete Mathematics -> Combinatorics | D12: 6 | E12: Suppose there are several piles of balls placed on a circle, with the number of balls in each pile being a multiple of 3 | F12: unclear | G12: conservation/divisibility argument; variance reduction only mentioned | H12: yes | I12: smoothing/variance reduction and symmetry convergence argument | J12: unclear->yes
A13: 121 | B13: q_98667 | C13: Mathematics -> Algebra -> Intermediate Algebra -> Other | D13: 5 | E13: Let $ f(n) = \begin{cases} n^2+1 & \text{if }n\text{ is odd} \\ \dfrac{n}{2} & \text{if }n\text{ is even} \end{cases}. $ | F13: yes | G13: cycle identification, backward tracing, counted powers of two | H13: yes | I13: basin backward analysis, counts pure powers of 2 | J13: yes->yes
... A127: 992 | B127: q_11924 | C127: Mathematics -> Algebra -> Algebra -> Polynomial Operations | D127: 5 | E127: Given that $\alpha, \beta, \gamma, \delta$ are the roots of the polynomial equation $x^4 - 3x + 1 = 0$, find the value o | F127: yes | G127: Newton's identities recursion for power sums | H127: yes | I127: Newton's identities recursion on power sums | J127: yes->yes

Sheet Hurt control (94)
A1: item_index | B1: question_id | C1: topic | D1: difficulty | E1: question (first 120 chars) | F1: verdict x1 {q,i} | G1: evidence x1 | H1: verdict x2 {q,i|q,i} | I1: evidence x2 | J1: transition
A2: 20 | B2: q_31003 | C2: Mathematics -> Algebra -> Algebra -> Polynomial Operations | D2: 6.5 | E2: Evaluate the limit: \[ \lim_{n \to \infty} \frac{\sqrt{a(4^0n)}+\sqrt{a(4^1n)}+\cdots+\sqrt{a(4^{10}n)}}{\sqrt{a(2^0n)}+ | F2: yes | G2: dominant term, factored n, geometric series identity | H2: yes | I2: dominant term principle, sqrt(2)kn ratio of sums | J2: yes->yes
A3: 24 | B3: q_66076 | C3: Mathematics -> Algebra -> Abstract Algebra -> Ring Theory | D3: 8 | E3: Let $R \subseteq S$ be commutative rings such that $R$ is a subring of $S$ with the same unity. Suppose $S$ has an $R$-m | F3: yes | G3: built splitting functional from decomposition projection | H3: yes | I3: projective implies splitting, projection functional with p(1)=1 | J3: yes->yes
A4: 37 | B4: q_20329 | C4: Mathematics -> Other | D4: 7 | E4: Let $X$ be a finite dimensional space such that $X \subset H^1$. Consider a sequence of non-negative functions $f_n \in | F4: yes | G4: a.e.-convergent subsequence plus contradiction argument | H4: yes | I4: Subsequence a.e. convergence plus closed cone argument | J4: yes->yes
A5: 54 | B5: q_11109 | C5: Mathematics -> Algebra -> Linear Algebra -> Linear Transformations | D5: 5.5 | E5: Let \(H\) and \(K\) be affine subspaces of a real vector space, defined as follows: \[ H = \{x \in X : f(x) = c\}, \text | F5: yes | G5: kernel translation argument, proportionality, evaluated shared point | H5: yes | I5: kernel inclusion, codimension one, evaluated at shared point | J5: yes->yes
A6: 63 | B6: q_37951 | C6: Mathematics -> Calculus -> Differential Calculus -> Derivatives | D6: 5 | E6: Determine whether the function $-f(z)$, where $f(z) = \frac{1}{z}$, is a primitive function of $g(z) = \frac{1}{z^2}$ on | F6: yes | G6: differentiated candidate, verified match and single-valuedness on domain | H6: yes | I6: differentiated candidate, checked closed-loop integral condition | J6: yes->yes
A7: 65 | B7: q_91181 | C7: Mathematics -> Algebra -> Algebra -> Polynomial Operations | D7: 5 | E7: Let \( P(x) \) be a polynomial of degree 4 such that \( P(0) = 1 \), \( P(1) = 1 \), \( P(2) = 4 \), \( P(3) = 9 \), and | F7: yes | G7: Q(x)=P−x² with roots, solved k=1/24 | H7: unclear | I7: started Q(x)=P−x² factoring, abandoned for wrong direct form | J7: yes->unclear
A8: 69 | B8: q_46507 | C8: Mathematics -> Algebra -> Abstract Algebra -> Ring Theory | D8: 8.5 | E8: Let $A$ be a commutative ring with unit and $M$ a module over $A$. Suppose the rank of $M_{P}$ over $A_{P}$ is constant | F8: yes | G8: fiber-dimension rank definition, recognized tautological inclusion | H8: yes | I8: fiber-dimension rank definition, torsion module counterexample | J8: yes->yes
A9: 81 | B9: q_11337 | C9: Mathematics -> Geometry -> Solid Geometry -> Surface Area | D9: 7.5 | E9: Calculate the surface area of the portion of the sphere defined by \(x^2 + y^2 + z^2 = 16z\) that lies within the parabo | F9: yes | G9: Completed square, r-squared substitution, spherical cap formula | H9: yes | I9: Completed square, r-squared substitution, spherical cap formula | J9: yes->yes
A10: 87 | B10: q_7040 | C10: Mathematics -> Calculus -> Integral Calculus -> Techniques of Integration -> Single-variable | D10: 8 | E10: Evaluate the limit: \[ \lim_{x\to0}(x\Gamma(x))^\frac{1}{x} \] | F10: yes | G10: exp transform plus Laurent series, reached e^{-gamma} | H10: yes | I10: exp transform and Laurent expansion executed, though miscalculated | J10: yes->yes
A11: 102 | B11: q_64488 | C11: Mathematics -> Calculus -> Integral Calculus -> Applications of Integrals | D11: 8 | E11: Determine whether there exists a function $g$ that is continuous everywhere but integrable only on bounded intervals. | F11: yes | G11: sought continuous function with divergent improper integral | H11: yes | I11: Local integrability from continuity; non-decaying tail breaks global | J11: yes->yes
A12: 118 | B12: q_12850 | C12: Mathematics -> Precalculus -> Trigonometric Functions | D12: 5.5 | E12: If \(\arctan(4) = 4 \arctan(x)\), find the value of the expression \(x^5 - 7x^3 + 5x^2 + 2x + 9870\). | F12: yes | G12: tan multiple-angle polynomial plus power reduction | H12: unclear | I12: mentions polynomial reduction but never derives polynomial or divides | J12: yes->unclear
A13: 148 | B13: q_72223 | C13: Mathematics -> Algebra -> Abstract Algebra -> Group Theory | D13: 7.5 | E13: Given a group $G$ with the following properties: 1. $G' = Z(G)$, where $Z(G)$ is the center of $G$. 2. $|Z(G)| = p$, whe | F13: yes | G13: sum-of-squares with p^2 linears, solved m=p-1 p-dimensional reps | H13: yes | I13: sum-of-squares identity with p^2 linear plus p-dimensional reps | J13: yes->yes
... A95: 999 | B95: q_62453 | C95: Mathematics -> Algebra -> Linear Algebra -> Vectors | D95: 6 | E95: Determine whether the function $\pi - x^2$ can be expressed as a linear combination of the basis functions $\{1, \cos x, | F95: yes | G95: Fourier coefficient computation, infinite-series conclusion | H95: yes | I95: computed Fourier coefficients, applied finite-vs-infinite distinction | J95: yes->yes

Sheet Summary
A1: Blinded LLM-judge uptake study - Qwen 2.5 7B, {q,i} vs {q,i|q,i}
A2: All 440 (card, response) pairs judged independently, shuffled, condition and correctness hidden; one fixed rubric (judge: Claude, 2026-07-17). Verdict = does the response APPLY the card's core strategy (solution path, not wording). Improved group: wrong at x1, right at x2. Hurt control: right at x1, wrong at x2.
A4: IMPROVED (wrong -> right): verdict counts
A5: verdict | B5: x1 {q,i} | C5: x2 {q,i|q,i}
A6: yes | B6: =COUNTIF('Improved (126)'!F$2:F$127,$A6) | C6: =COUNTIF('Improved (126)'!H$2:H$127,$A6)
A7: unclear | B7: =COUNTIF('Improved (126)'!F$2:F$127,$A7) | C7: =COUNTIF('Improved (126)'!H$2:H$127,$A7)
A8: no | B8: =COUNTIF('Improved (126)'!F$2:F$127,$A8) | C8: =COUNTIF('Improved (126)'!H$2:H$127,$A8)
A9: yes-rate | B9: =B6/SUM(B6:B8) | C9: =C6/SUM(C6:C8)
A10: uptake gained (non-yes->yes) | B10: =SUMPRODUCT(('Improved (126)'!F$2:F$127<>"yes")*('Improved (126)'!H$2:H$127="yes"))
A11: uptake lost (yes->non-yes) | B11: =SUMPRODUCT(('Improved (126)'!F$2:F$127="yes")*('Improved (126)'!H$2:H$127<>"yes"))
A12: two-sided sign test p | B12: =MIN(1,2*BINOMDIST(MIN(B10,B11),B10+B11,0.5,TRUE))
A14: HURT CONTROL (right -> wrong): verdict counts
A15: verdict | B15: x1 {q,i} | C15: x2 {q,i|q,i}
A16: yes | B16: =COUNTIF('Hurt control (94)'!F$2:F$95,$A16) | C16: =COUNTIF('Hurt control (94)'!H$2:H$95,$A16)
A17: unclear | B17: =COUNTIF('Hurt control (94)'!F$2:F$95,$A17) | C17: =COUNTIF('Hurt control (94)'!H$2:H$95,$A17)
A18: no | B18: =COUNTIF('Hurt control (94)'!F$2:F$95,$A18) | C18: =COUNTIF('Hurt control (94)'!H$2:H$95,$A18)
A19: yes-rate | B19: =B16/SUM(B16:B18) | C19: =C16/SUM(C16:C18)
A20: uptake gained (non-yes->yes) | B20: =SUMPRODUCT(('Hurt control (94)'!F$2:F$95<>"yes")*('Hurt control (94)'!H$2:H$95="yes"))
A21: uptake lost (yes->non-yes) | B21: =SUMPRODUCT(('Hurt control (94)'!F$2:F$95="yes")*('Hurt control (94)'!H$2:H$95<>"yes"))
A22: two-sided sign test p | B22: =MIN(1,2*BINOMDIST(MIN(B20,B21),B20+B21,0.5,TRUE))
A24: Pooled (both groups, 220 items)
A25: yes-rate x1 | B25: =(COUNTIF('Improved (126)'!F2:F127,"yes")+COUNTIF('Hurt control (94)'!F2:F95,"yes"))/220
A26: yes-rate x2 | B26: =(COUNTIF('Improved (126)'!H2:H127,"yes")+COUNTIF('Hurt control (94)'!H2:H95,"yes"))/220
A28: Reading
A29: Uptake tracks the answer flip in BOTH directions (improved: +13/-2, p=.007; hurt: +4/-12, p=.077) and pooled x1 vs x2 yes-rates are nearly equal (88.6% vs 90.0%). The judged uptake gain on improved items is therefore explained by the correctness coupling, not by a detectable condition-driven uptake increase from the second insight copy. Key positive finding: ~88% of FAILURES under a single presentation already apply the card - failures are execution failures, not attention failures - bounding the pure 'rescue an ignored card' channel to at most ~12% of items.
